{
  "total_sessions": 8,
  "evidence_grounding_pct": 100.0,
  "fallback_usage_pct": 100.0,
  "budget_sanity_pct": 25.0,
  "conflict_escalation": {
    "escalated_pct": 42.857142857142854,
    "resolved_pct": 57.142857142857146
  },
  "score_stddev": 2.568310597475095
}